date;search_volume
01.05.11;0,704634193
02.05.11;0,493243935
03.05.11;0,493243935
04.05.11;0,422780516
05.05.11;0,493243935
06.05.11;0,422780516
07.05.11;0,493243935
08.05.11;0,563707354
09.05.11;0,704634193
10.05.11;0,634170774
11.05.11;0,704634193
12.05.11;0,775097612
13.05.11;0,916024451
14.05.11;1,056951289
15.05.11;0,845561031
16.05.11;3,170853868
17.05.11;2,395756255
18.05.11;1,691122063
19.05.11;3,593634383
20.05.11;3,029927029
21.05.11;2,043439159
22.05.11;2,113902578
23.05.11;2,043439159
24.05.11;1,97297574
25.05.11;3,311780706
26.05.11;2,184365998
27.05.11;1,97297574
28.05.11;1,620658643
29.05.11;1,97297574
30.05.11;2,043439159
31.05.11;4,439195415
01.06.11;4,157341737
02.06.11;4,721049092
03.06.11;4,650585672
04.06.11;4,227805157
05.06.11;4,439195415
06.06.11;4,227805157
07.06.11;4,016414899
08.06.11;5,566610123
09.06.11;5,637073542
10.06.11;5,425683284
11.06.11;6,482634574
12.06.11;6,975878509
13.06.11;5,8484638
14.06.11;5,214293027
15.06.11;6,271244316
16.06.11;6,412171154
17.06.11;5,918927219
18.06.11;5,496146704
19.06.11;5,637073542
20.06.11;7,046341928
21.06.11;5,214293027
22.06.11;5,425683284
23.06.11;4,298268576
24.06.11;3,311780706
25.06.11;2,95946361
26.06.11;3,100390448
27.06.11;3,382244125
28.06.11;2,88900019
29.06.11;3,029927029
30.06.11;2,677609933
01.07.11;2,607146513
02.07.11;2,536683094
03.07.11;2,395756255
04.07.11;2,395756255
05.07.11;2,466219675
06.07.11;2,325292836
07.07.11;3,452707545
08.07.11;2,184365998
09.07.11;2,254829417
10.07.11;2,536683094
11.07.11;1,97297574
12.07.11;1,832048901
13.07.11;2,113902578
14.07.11;2,748073352
15.07.11;2,043439159
16.07.11;2,043439159
17.07.11;1,902512321
18.07.11;2,184365998
19.07.11;2,325292836
20.07.11;2,254829417
21.07.11;1,97297574
22.07.11;1,620658643
23.07.11;1,832048901
24.07.11;1,691122063
25.07.11;1,902512321
26.07.11;1,832048901
27.07.11;2,043439159
28.07.11;1,550195224
29.07.11;1,691122063
30.07.11;1,620658643
31.07.11;1,902512321
01.08.11;1,902512321
02.08.11;2,113902578
03.08.11;2,113902578
04.08.11;1,97297574
05.08.11;2,466219675
06.08.11;2,395756255
07.08.11;2,95946361
08.08.11;2,113902578
09.08.11;1,902512321
10.08.11;1,761585482
11.08.11;1,409268386
12.08.11;1,409268386
13.08.11;1,409268386
14.08.11;1,479731805
15.08.11;1,761585482
16.08.11;1,479731805
17.08.11;2,113902578
18.08.11;1,97297574
19.08.11;1,691122063
20.08.11;1,761585482
21.08.11;2,184365998
22.08.11;1,691122063
23.08.11;1,691122063
24.08.11;2,395756255
25.08.11;1,620658643
26.08.11;1,409268386
27.08.11;1,832048901
28.08.11;1,620658643
29.08.11;1,409268386
30.08.11;1,479731805
31.08.11;1,479731805
01.09.11;1,620658643
02.09.11;1,409268386
03.09.11;1,479731805
04.09.11;1,550195224
05.09.11;1,409268386
06.09.11;1,761585482
07.09.11;1,620658643
08.09.11;1,479731805
09.09.11;1,691122063
10.09.11;1,620658643
11.09.11;1,479731805
12.09.11;1,197878128
13.09.11;1,268341547
14.09.11;1,409268386
15.09.11;1,127414708
16.09.11;1,197878128
17.09.11;1,268341547
18.09.11;1,268341547
19.09.11;1,056951289
20.09.11;1,197878128
21.09.11;0,98648787
22.09.11;1,056951289
23.09.11;0,98648787
24.09.11;1,056951289
25.09.11;1,127414708
26.09.11;1,127414708
27.09.11;0,916024451
28.09.11;1,056951289
29.09.11;1,056951289
30.09.11;1,056951289
01.10.11;1,056951289
02.10.11;1,056951289
03.10.11;0,845561031
04.10.11;1,197878128
05.10.11;0,98648787
06.10.11;1,056951289
07.10.11;0,98648787
08.10.11;1,268341547
09.10.11;1,197878128
10.10.11;1,056951289
11.10.11;1,056951289
12.10.11;0,98648787
13.10.11;0,98648787
14.10.11;0,845561031
15.10.11;0,775097612
16.10.11;0,775097612
17.10.11;0,98648787
18.10.11;1,268341547
19.10.11;1,338804966
20.10.11;1,056951289
21.10.11;0,845561031
22.10.11;0,98648787
23.10.11;0,845561031
24.10.11;0,916024451
25.10.11;0,916024451
26.10.11;0,845561031
27.10.11;0,704634193
28.10.11;0,775097612
29.10.11;0,704634193
30.10.11;0,704634193
31.10.11;0,704634193
01.11.11;1,268341547
02.11.11;0,916024451
03.11.11;0,916024451
04.11.11;0,704634193
05.11.11;0,775097612
06.11.11;0,775097612
07.11.11;0,563707354
08.11.11;0,563707354
09.11.11;0,634170774
10.11.11;0,704634193
11.11.11;0,634170774
12.11.11;0,563707354
13.11.11;0,563707354
14.11.11;0,634170774
15.11.11;0,775097612
16.11.11;0,563707354
17.11.11;0,704634193
18.11.11;0,634170774
19.11.11;0,563707354
20.11.11;0,704634193
21.11.11;0,563707354
22.11.11;0,563707354
23.11.11;0,563707354
24.11.11;0,563707354
25.11.11;0,634170774
26.11.11;0,845561031
27.11.11;0,775097612
28.11.11;0,775097612
29.11.11;0,775097612
30.11.11;0,704634193
01.12.11;0,704634193
02.12.11;0,563707354
03.12.11;0,634170774
04.12.11;0,704634193
05.12.11;0,634170774
06.12.11;0,634170774
07.12.11;0,563707354
08.12.11;0,493243935
09.12.11;0,493243935
10.12.11;0,493243935
11.12.11;0,634170774
12.12.11;0,563707354
13.12.11;0,493243935
14.12.11;0,563707354
15.12.11;0,493243935
16.12.11;0,493243935
17.12.11;0,493243935
18.12.11;0,493243935
19.12.11;0,493243935
20.12.11;0,634170774
21.12.11;0,634170774
22.12.11;0,704634193
23.12.11;0,704634193
24.12.11;0,563707354
25.12.11;0,704634193
26.12.11;0,704634193
27.12.11;0,634170774
28.12.11;0,634170774
29.12.11;0,563707354
30.12.11;0,634170774
31.12.11;0,634170774
01.01.12;0,775097612
02.01.12;0,704634193
03.01.12;0,634170774
04.01.12;0,704634193
05.01.12;0,916024451
06.01.12;0,98648787
07.01.12;0,845561031
08.01.12;0,845561031
09.01.12;0,916024451
10.01.12;0,916024451
11.01.12;0,98648787
12.01.12;0,704634193
13.01.12;0,704634193
14.01.12;0,634170774
15.01.12;0,775097612
16.01.12;2,95946361
17.01.12;1,550195224
18.01.12;1,268341547
19.01.12;0,916024451
20.01.12;0,916024451
21.01.12;0,98648787
22.01.12;0,916024451
23.01.12;0,845561031
24.01.12;0,845561031
25.01.12;0,916024451
26.01.12;0,732819561
27.01.12;0,758991688
28.01.12;0,706647433
29.01.12;0,837508069
30.01.12;0,680475306
31.01.12;0,654303179
01.02.12;0,758991688
02.02.12;0,785163815
03.02.12;0,889852324
04.02.12;0,889852324
05.02.12;0,785163815
06.02.12;0,680475306
07.02.12;0,654303179
08.02.12;0,680475306
09.02.12;0,706647433
10.02.12;0,601958925
11.02.12;0,785163815
12.02.12;0,758991688
13.02.12;0,601958925
14.02.12;0,758991688
15.02.12;0,758991688
16.02.12;0,863680196
17.02.12;0,732819561
18.02.12;0,601958925
19.02.12;0,706647433
20.02.12;0,654303179
21.02.12;0,601958925
22.02.12;0,654303179
23.02.12;0,785163815
24.02.12;0,628131052
25.02.12;0,628131052
26.02.12;0,601958925
27.02.12;0,628131052
28.02.12;0,628131052
29.02.12;0,654303179
01.03.12;0,575786798
02.03.12;1,046885086
03.03.12;0,916024451
04.03.12;0,811335942
05.03.12;0,680475306
06.03.12;0,575786798
07.03.12;0,54961467
08.03.12;0,54961467
09.03.12;0,523442543
10.03.12;0,575786798
11.03.12;0,654303179
12.03.12;0,523442543
13.03.12;0,732819561
14.03.12;0,54961467
15.03.12;0,601958925
16.03.12;0,628131052
17.03.12;0,575786798
18.03.12;0,628131052
19.03.12;0,601958925
20.03.12;0,523442543
21.03.12;0,54961467
22.03.12;0,654303179
23.03.12;0,523442543
24.03.12;0,628131052
25.03.12;0,497270416
26.03.12;0,575786798
27.03.12;0,575786798
28.03.12;0,601958925
29.03.12;0,471098289
30.03.12;0,523442543
31.03.12;0,54961467
01.04.12;0,654303179
02.04.12;1,020712959
03.04.12;0,863680196
04.04.12;0,706647433
05.04.12;0,758991688
06.04.12;0,680475306
07.04.12;0,785163815
08.04.12;0,785163815
09.04.12;0,628131052
10.04.12;0,785163815
11.04.12;0,837508069
12.04.12;0,785163815
13.04.12;0,575786798
14.04.12;0,680475306
15.04.12;0,601958925
16.04.12;0,628131052
17.04.12;0,601958925
18.04.12;0,889852324
19.04.12;0,575786798
20.04.12;0,706647433
21.04.12;0,706647433
22.04.12;0,680475306
23.04.12;0,732819561
24.04.12;0,523442543
25.04.12;0,706647433
26.04.12;0,968368705
27.04.12;0,916024451
28.04.12;0,732819561
29.04.12;0,680475306
30.04.12;0,654303179
01.05.12;0,758991688
02.05.12;0,680475306
03.05.12;0,680475306
04.05.12;0,575786798
05.05.12;0,654303179
06.05.12;1,256262104
07.05.12;0,916024451
08.05.12;0,601958925
09.05.12;0,575786798
10.05.12;0,785163815
11.05.12;0,758991688
12.05.12;0,968368705
13.05.12;0,916024451
14.05.12;0,863680196
15.05.12;0,785163815
16.05.12;0,523442543
17.05.12;0,575786798
18.05.12;0,601958925
19.05.12;0,575786798
20.05.12;0,575786798
21.05.12;0,785163815
22.05.12;0,785163815
23.05.12;0,758991688
24.05.12;0,628131052
25.05.12;0,601958925
26.05.12;0,601958925
27.05.12;0,575786798
28.05.12;0,575786798
29.05.12;0,654303179
30.05.12;0,654303179
31.05.12;0,54961467
01.06.12;0,680475306
02.06.12;0,601958925
03.06.12;0,601958925
04.06.12;0,497270416
05.06.12;0,628131052
06.06.12;0,523442543
07.06.12;0,575786798
08.06.12;0,837508069
09.06.12;0,968368705
10.06.12;0,785163815
11.06.12;0,680475306
12.06.12;0,758991688
13.06.12;0,889852324
14.06.12;0,680475306
15.06.12;0,680475306
16.06.12;0,680475306
17.06.12;0,732819561
18.06.12;0,706647433
19.06.12;0,889852324
20.06.12;0,706647433
21.06.12;0,706647433
22.06.12;0,654303179
23.06.12;0,837508069
24.06.12;0,758991688
25.06.12;0,654303179
26.06.12;0,680475306
27.06.12;0,706647433
28.06.12;0,601958925
29.06.12;0,706647433
30.06.12;0,628131052
01.07.12;0,706647433
02.07.12;0,654303179
03.07.12;0,654303179
04.07.12;0,601958925
05.07.12;0,471098289
06.07.12;0,601958925
07.07.12;0,575786798
08.07.12;0,732819561
09.07.12;0,968368705
10.07.12;0,732819561
11.07.12;0,863680196
12.07.12;0,732819561
13.07.12;0,680475306
14.07.12;0,785163815
15.07.12;0,811335942
16.07.12;0,758991688
17.07.12;0,863680196
18.07.12;0,889852324
19.07.12;0,968368705
20.07.12;1,046885086
21.07.12;1,073057214
22.07.12;0,732819561
23.07.12;0,811335942
24.07.12;0,706647433
25.07.12;0,706647433
26.07.12;0,863680196
27.07.12;0,732819561
28.07.12;0,628131052
29.07.12;0,758991688
30.07.12;0,732819561
31.07.12;0,889852324
01.08.12;0,758991688
02.08.12;0,758991688
03.08.12;0,916024451
04.08.12;0,889852324
05.08.12;0,916024451
06.08.12;0,837508069
07.08.12;0,837508069
08.08.12;0,994540832
09.08.12;0,889852324
10.08.12;0,863680196
11.08.12;0,863680196
12.08.12;1,046885086
13.08.12;0,863680196
14.08.12;1,046885086
15.08.12;1,073057214
16.08.12;1,151573595
17.08.12;1,413294867
18.08.12;1,151573595
19.08.12;1,413294867
20.08.12;1,046885086
21.08.12;1,491811248
22.08.12;1,439466994
23.08.12;1,282434231
24.08.12;0,994540832
25.08.12;0,994540832
26.08.12;1,020712959
27.08.12;0,968368705
28.08.12;0,811335942
29.08.12;1,125401468
30.08.12;0,889852324
31.08.12;0,706647433
01.09.12;0,785163815
02.09.12;0,916024451
03.09.12;0,758991688
04.09.12;0,811335942
05.09.12;2,617212716
06.09.12;2,407835699
07.09.12;1,439466994
08.09.12;1,177745722
09.09.12;1,334778485
10.09.12;1,020712959
11.09.12;0,968368705
12.09.12;0,785163815
13.09.12;0,889852324
14.09.12;0,916024451
15.09.12;0,942196578
16.09.12;0,968368705
17.09.12;1,046885086
18.09.12;1,020712959
19.09.12;1,151573595
20.09.12;0,994540832
21.09.12;0,863680196
22.09.12;0,758991688
23.09.12;0,863680196
24.09.12;0,916024451
25.09.12;0,994540832
26.09.12;1,020712959
27.09.12;1,020712959
28.09.12;1,020712959
29.09.12;0,916024451
30.09.12;0,994540832
01.10.12;1,073057214
02.10.12;1,073057214
03.10.12;1,099229341
04.10.12;0,837508069
05.10.12;0,916024451
06.10.12;0,889852324
07.10.12;0,942196578
08.10.12;0,837508069
09.10.12;0,837508069
10.10.12;0,837508069
11.10.12;1,046885086
12.10.12;1,046885086
13.10.12;0,837508069
14.10.12;0,889852324
15.10.12;0,732819561
16.10.12;0,916024451
17.10.12;0,785163815
18.10.12;0,811335942
19.10.12;0,889852324
20.10.12;0,785163815
21.10.12;0,785163815
22.10.12;0,785163815
23.10.12;0,785163815
24.10.12;0,785163815
25.10.12;0,785163815
26.10.12;0,785163815
27.10.12;0,785163815
28.10.12;0,785163815
29.10.12;0,785163815
30.10.12;0,785163815
31.10.12;0,785163815
01.11.12;0,785163815
02.11.12;0,785163815
03.11.12;0,785163815
04.11.12;1,177745722
05.11.12;0,785163815
06.11.12;0,785163815
07.11.12;0,785163815
08.11.12;0,785163815
09.11.12;0,785163815
10.11.12;0,785163815
11.11.12;0,785163815
12.11.12;1,177745722
13.11.12;0,785163815
14.11.12;0,785163815
15.11.12;0,785163815
16.11.12;1,57032763
17.11.12;1,177745722
18.11.12;1,177745722
19.11.12;1,177745722
20.11.12;1,177745722
21.11.12;0,785163815
22.11.12;1,177745722
23.11.12;0,785163815
24.11.12;1,177745722
25.11.12;0,785163815
26.11.12;1,177745722
27.11.12;1,177745722
28.11.12;2,355491445
29.11.12;1,177745722
30.11.12;1,177745722
01.12.12;1,177745722
02.12.12;1,177745722
03.12.12;1,177745722
04.12.12;1,177745722
05.12.12;1,177745722
06.12.12;1,177745722
07.12.12;1,177745722
08.12.12;1,57032763
09.12.12;1,962909537
10.12.12;1,57032763
11.12.12;1,57032763
12.12.12;1,57032763
13.12.12;1,177745722
14.12.12;1,177745722
15.12.12;1,177745722
16.12.12;1,177745722
17.12.12;1,177745722
18.12.12;1,177745722
19.12.12;0,785163815
20.12.12;1,177745722
21.12.12;0,785163815
22.12.12;0,785163815
23.12.12;0,785163815
24.12.12;1,177745722
25.12.12;1,177745722
26.12.12;0,785163815
27.12.12;0,785163815
28.12.12;1,177745722
29.12.12;1,177745722
30.12.12;1,177745722
31.12.12;0,785163815
01.01.13;0,785163815
02.01.13;1,177745722
03.01.13;1,177745722
04.01.13;1,177745722
05.01.13;1,57032763
06.01.13;1,57032763
07.01.13;1,177745722
08.01.13;1,177745722
09.01.13;1,177745722
10.01.13;1,177745722
11.01.13;1,177745722
12.01.13;1,177745722
13.01.13;1,177745722
14.01.13;1,177745722
15.01.13;1,177745722
16.01.13;1,177745722
17.01.13;1,177745722
18.01.13;1,177745722
19.01.13;1,177745722
20.01.13;1,177745722
21.01.13;1,177745722
22.01.13;1,177745722
23.01.13;1,57032763
24.01.13;1,57032763
25.01.13;1,177745722
26.01.13;1,177745722
27.01.13;1,177745722
28.01.13;1,57032763
29.01.13;1,57032763
30.01.13;1,57032763
31.01.13;1,962909537
01.02.13;1,962909537
02.02.13;2,355491445
03.02.13;1,962909537
04.02.13;1,57032763
05.02.13;1,57032763
06.02.13;1,962909537
07.02.13;1,57032763
08.02.13;1,57032763
09.02.13;1,57032763
10.02.13;1,57032763
11.02.13;1,57032763
12.02.13;1,962909537
13.02.13;1,962909537
14.02.13;1,962909537
15.02.13;1,962909537
16.02.13;1,962909537
17.02.13;2,355491445
18.02.13;2,355491445
19.02.13;2,355491445
20.02.13;2,355491445
21.02.13;1,962909537
22.02.13;2,355491445
23.02.13;1,962909537
24.02.13;2,355491445
25.02.13;1,962909537
26.02.13;1,962909537
27.02.13;1,962909537
28.02.13;2,748073352
01.03.13;2,748073352
02.03.13;2,355491445
03.03.13;2,355491445
04.03.13;2,355491445
05.03.13;3,14065526
06.03.13;3,925819075
07.03.13;3,925819075
08.03.13;3,533237167
09.03.13;3,533237167
10.03.13;3,533237167
11.03.13;3,533237167
12.03.13;5,103564797
13.03.13;3,533237167
14.03.13;3,14065526
15.03.13;2,748073352
16.03.13;2,748073352
17.03.13;3,14065526
18.03.13;3,533237167
19.03.13;4,318400982
20.03.13;5,103564797
21.03.13;6,673892427
22.03.13;7,459056242
23.03.13;7,459056242
24.03.13;5,888728612
25.03.13;6,673892427
26.03.13;6,673892427
27.03.13;7,85163815
28.03.13;10,20712959
29.03.13;11,38487532
30.03.13;9,814547687
31.03.13;9,42196578
01.04.13;10,5997115
02.04.13;12,17003913
03.04.13;18,05876774
04.04.13;17,66618584
05.04.13;14,52553058
06.04.13;12,17003913
07.04.13;12,95520295
08.04.13;18,05876774
09.04.13;22,76975063
10.04.13;34,15462595
11.04.13;39,25819075
12.04.13;35,33237167
13.04.13;21,59200491
14.04.13;18,45134965
15.04.13;18,05876774
16.04.13;16,09585821
17.04.13;13,34778485
18.04.13;13,34778485
19.04.13;10,5997115
20.04.13;8,636801965
21.04.13;8,636801965
22.04.13;8,244220057
23.04.13;9,814547687
24.04.13;9,029383872
25.04.13;8,244220057
26.04.13;7,85163815
27.04.13;6,673892427
28.04.13;7,85163815
29.04.13;7,066474335
30.04.13;6,673892427
01.05.13;7,85163815
02.05.13;8,636801965
03.05.13;8,636801965
04.05.13;6,673892427
05.05.13;6,673892427
06.05.13;7,066474335
07.05.13;6,673892427
08.05.13;5,888728612
09.05.13;5,888728612
10.05.13;5,496146705
11.05.13;5,496146705
12.05.13;5,103564797
13.05.13;5,888728612
14.05.13;5,888728612
15.05.13;6,28131052
16.05.13;6,28131052
17.05.13;5,888728612
18.05.13;5,496146705
19.05.13;6,28131052
20.05.13;5,888728612
21.05.13;5,103564797
22.05.13;4,71098289
23.05.13;4,71098289
24.05.13;5,103564797
25.05.13;4,318400982
26.05.13;3,925819075
27.05.13;4,318400982
28.05.13;5,496146705
29.05.13;5,888728612
30.05.13;5,103564797
31.05.13;5,103564797
01.06.13;4,318400982
02.06.13;4,71098289
03.06.13;4,71098289
04.06.13;4,318400982
05.06.13;3,925819075
06.06.13;3,925819075
07.06.13;4,318400982
08.06.13;4,318400982
09.06.13;4,71098289
10.06.13;4,318400982
11.06.13;4,71098289
12.06.13;4,318400982
13.06.13;3,533237167
14.06.13;3,533237167
15.06.13;3,533237167
16.06.13;3,14065526
17.06.13;3,533237167
18.06.13;3,925819075
19.06.13;3,14065526
20.06.13;3,533237167
21.06.13;3,533237167
22.06.13;3,14065526
23.06.13;3,533237167
24.06.13;4,318400982
25.06.13;3,925819075
26.06.13;3,533237167
27.06.13;3,925819075
28.06.13;3,533237167
29.06.13;3,533237167
30.06.13;4,71098289
01.07.13;4,318400982
02.07.13;7,459056242
03.07.13;5,496146705
04.07.13;4,318400982
05.07.13;4,318400982
06.07.13;3,925819075
07.07.13;3,925819075
08.07.13;3,925819075
09.07.13;3,533237167
10.07.13;3,925819075
11.07.13;3,925819075
12.07.13;3,533237167
13.07.13;3,925819075
14.07.13;3,14065526
15.07.13;3,533237167
16.07.13;3,14065526
17.07.13;3,14065526
18.07.13;3,14065526
19.07.13;3,14065526
20.07.13;3,14065526
21.07.13;3,14065526
22.07.13;3,14065526
23.07.13;3,664097804
24.07.13;3,664097804
25.07.13;3,14065526
26.07.13;3,14065526
27.07.13;3,14065526
28.07.13;3,14065526
29.07.13;3,14065526
30.07.13;3,664097804
31.07.13;4,187540347
01.08.13;3,664097804
02.08.13;3,14065526
03.08.13;3,14065526
04.08.13;3,664097804
05.08.13;3,664097804
06.08.13;3,14065526
07.08.13;3,14065526
08.08.13;3,664097804
09.08.13;3,664097804
10.08.13;3,14065526
11.08.13;3,14065526
12.08.13;4,187540347
13.08.13;4,187540347
14.08.13;5,234425434
15.08.13;4,187540347
16.08.13;3,664097804
17.08.13;3,664097804
18.08.13;4,187540347
19.08.13;4,71098289
20.08.13;4,71098289
21.08.13;4,71098289
22.08.13;4,187540347
23.08.13;3,664097804
24.08.13;3,664097804
25.08.13;3,664097804
26.08.13;3,664097804
27.08.13;4,187540347
28.08.13;4,187540347
29.08.13;3,664097804
30.08.13;3,664097804
31.08.13;3,664097804
01.09.13;3,14065526
02.09.13;3,14065526
03.09.13;3,14065526
04.09.13;3,14065526
05.09.13;3,664097804
06.09.13;3,14065526
07.09.13;3,14065526
08.09.13;3,14065526
09.09.13;3,664097804
10.09.13;3,14065526
11.09.13;3,14065526
12.09.13;3,14065526
13.09.13;2,617212717
14.09.13;2,617212717
15.09.13;3,14065526
16.09.13;3,14065526
17.09.13;3,14065526
18.09.13;3,14065526
19.09.13;3,14065526
20.09.13;3,664097804
21.09.13;3,14065526
22.09.13;3,14065526
23.09.13;3,14065526
24.09.13;3,14065526
25.09.13;3,14065526
26.09.13;3,14065526
27.09.13;3,14065526
28.09.13;2,617212717
29.09.13;3,14065526
30.09.13;3,14065526
01.10.13;3,14065526
02.10.13;7,328195607
03.10.13;11,51573595
04.10.13;6,804753064
05.10.13;5,234425434
06.10.13;4,187540347
07.10.13;4,71098289
08.10.13;4,71098289
09.10.13;4,187540347
10.10.13;3,664097804
11.10.13;3,664097804
12.10.13;3,14065526
13.10.13;3,14065526
14.10.13;3,664097804
15.10.13;4,187540347
16.10.13;4,187540347
17.10.13;3,664097804
18.10.13;3,664097804
19.10.13;4,71098289
20.10.13;3,664097804
21.10.13;4,187540347
22.10.13;4,71098289
23.10.13;4,71098289
24.10.13;5,234425434
25.10.13;4,71098289
26.10.13;6,281310521
27.10.13;5,234425434
28.10.13;6,281310521
29.10.13;13,60950613
30.10.13;20,93770174
31.10.13;14,65639121
01.11.13;10,46885087
02.11.13;8,898523237
03.11.13;7,851638151
04.11.13;9,421965781
05.11.13;9,945408324
06.11.13;11,51573595
07.11.13;13,60950613
08.11.13;13,60950613
09.11.13;13,60950613
10.11.13;12,0391785
11.11.13;10,46885087
12.11.13;10,99229341
13.11.13;13,08606358
14.11.13;13,60950613
15.11.13;13,60950613
16.11.13;12,0391785
17.11.13;13,60950613
18.11.13;30,88311006
19.11.13;44,49261619
20.11.13;29,83622497
21.11.13;23,03147191
22.11.13;24,60179954
23.11.13;21,98458682
24.11.13;19,89081665
25.11.13;20,93770174
26.11.13;21,46114428
27.11.13;35,07065041
28.11.13;52,34425434
29.11.13;46,58638636
30.11.13;36,11753549
01.12.13;31,4065526
02.12.13;32,45343769
03.12.13;29,31278243
04.12.13;26,69556971
05.12.13;37,68786312
06.12.13;34,02376532
07.12.13;36,64097804
08.12.13;26,17212717
09.12.13;25,64868463
10.12.13;24,078357
11.12.13;23,55491445
12.12.13;21,46114428
13.12.13;21,98458682
14.12.13;18,32048902
15.12.13;19,89081665
16.12.13;21,98458682
17.12.13;21,98458682
18.12.13;39,7816333
19.12.13;27,7424548
20.12.13;19,89081665
21.12.13;18,84393156
22.12.13;18,32048902
23.12.13;17,27360393
24.12.13;16,22671884
25.12.13;15,17983376
26.12.13;15,17983376
27.12.13;15,17983376
28.12.13;14,13294867
29.12.13;13,08606358
30.12.13;13,60950613
31.12.13;13,08606358
01.01.14;12,0391785
02.01.14;13,60950613
03.01.14;14,65639121
04.01.14;12,56262104
05.01.14;14,65639121
06.01.14;17,79704647
07.01.14;16,22671884
08.01.14;16,22671884
09.01.14;16,22671884
10.01.14;16,22671884
11.01.14;14,13294867
12.01.14;14,13294867
13.01.14;14,13294867
14.01.14;14,65639121
15.01.14;14,65639121
16.01.14;16,75016139
17.01.14;17,27360393
18.01.14;13,08606358
19.01.14;13,08606358
20.01.14;15,7032763
21.01.14;16,22671884
22.01.14;17,79704647
23.01.14;15,7032763
24.01.14;15,7032763
25.01.14;13,08606358
26.01.14;13,08606358
27.01.14;17,79704647
28.01.14;20,41425919
29.01.14;15,17983376
30.01.14;13,60950613
31.01.14;12,0391785
01.02.14;11,51573595
02.02.14;12,0391785
03.02.14;11,51573595
04.02.14;12,0391785
05.02.14;12,0391785
06.02.14;12,56262104
07.02.14;17,79704647
08.02.14;13,60950613
09.02.14;13,08606358
10.02.14;19,89081665
11.02.14;18,84393156
12.02.14;16,22671884
13.02.14;14,65639121
14.02.14;18,84393156
15.02.14;13,08606358
16.02.14;13,60950613
17.02.14;13,60950613
18.02.14;14,13294867
19.02.14;14,13294867
20.02.14;16,22671884
21.02.14;14,13294867
22.02.14;12,0391785
23.02.14;10,99229341
24.02.14;17,79704647
25.02.14;42,39884601
26.02.14;31,92999515
27.02.14;19,89081665
28.02.14;28,26589734
01.03.14;20,93770174
02.03.14;15,7032763
03.03.14;15,7032763
04.03.14;15,7032763
05.03.14;18,32048902
06.03.14;26,69556971
07.03.14;31,92999515
08.03.14;16,22671884
09.03.14;13,08606358
10.03.14;13,08606358
11.03.14;11,51573595
12.03.14;10,99229341
13.03.14;10,46885087
14.03.14;9,421965781
15.03.14;8,898523237
16.03.14;7,851638151
17.03.14;8,898523237
18.03.14;9,421965781
19.03.14;8,898523237
20.03.14;9,945408324
21.03.14;12,0391785
22.03.14;8,898523237
23.03.14;7,851638151
24.03.14;8,898523237
25.03.14;11,51573595
26.03.14;10,99229341
27.03.14;10,99229341
28.03.14;9,945408324
29.03.14;7,851638151
30.03.14;8,898523237
31.03.14;8,898523237
01.04.14;8,375080694
02.04.14;8,898523237
03.04.14;8,898523237
04.04.14;7,851638151
05.04.14;6,804753064
06.04.14;6,804753064
07.04.14;7,328195607
08.04.14;7,328195607
09.04.14;8,898523237
10.04.14;9,945408324
11.04.14;9,42196578
12.04.14;7,126871552
13.04.14;7,006077119
14.04.14;7,730843717
15.04.14;7,85163815
16.04.14;8,817993615
17.04.14;8,093227017
18.04.14;6,885282686
19.04.14;6,764488253
20.04.14;6,522899386
21.04.14;6,885282686
22.04.14;6,64369382
23.04.14;6,764488253
24.04.14;6,64369382
25.04.14;6,885282686
26.04.14;5,798132788
27.04.14;5,798132788
28.04.14;6,28131052
29.04.14;6,28131052
30.04.14;6,764488253
01.05.14;6,64369382
02.05.14;5,556543922
03.05.14;5,073366189
04.05.14;5,435749489
05.05.14;6,522899386
06.05.14;6,039721654
07.05.14;5,918927221
08.05.14;6,160516087
09.05.14;6,28131052
10.05.14;5,194160623
11.05.14;5,073366189
12.05.14;5,314955056
13.05.14;6,039721654
14.05.14;5,677338355
15.05.14;5,918927221
16.05.14;6,039721654
17.05.14;5,314955056
18.05.14;5,194160623
19.05.14;5,556543922
20.05.14;6,28131052
21.05.14;6,402104953
22.05.14;6,764488253
23.05.14;6,160516087
24.05.14;5,314955056
25.05.14;6,64369382
26.05.14;7,126871552
27.05.14;7,247665985
28.05.14;7,126871552
29.05.14;7,247665985
30.05.14;7,247665985
31.05.14;6,522899386
01.06.14;6,64369382
02.06.14;6,28131052
03.06.14;7,126871552
04.06.14;6,885282686
05.06.14;6,402104953
06.06.14;5,918927221
07.06.14;5,435749489
08.06.14;5,798132788
09.06.14;5,435749489
10.06.14;6,160516087
11.06.14;6,522899386
12.06.14;7,368460418
13.06.14;7,972432583
14.06.14;6,402104953
15.06.14;6,28131052
16.06.14;7,006077119
17.06.14;6,64369382
18.06.14;6,64369382
19.06.14;6,402104953
20.06.14;6,039721654
21.06.14;4,71098289
22.06.14;5,314955056
23.06.14;5,194160623
24.06.14;5,073366189
25.06.14;5,314955056
26.06.14;4,831777323
27.06.14;6,039721654
28.06.14;5,314955056
29.06.14;5,194160623
30.06.14;5,918927221
01.07.14;6,28131052
02.07.14;6,64369382
03.07.14;5,918927221
04.07.14;5,677338355
05.07.14;4,71098289
06.07.14;5,677338355
07.07.14;6,039721654
08.07.14;5,556543922
09.07.14;5,194160623
10.07.14;5,677338355
11.07.14;5,556543922
12.07.14;5,073366189
13.07.14;4,71098289
14.07.14;5,073366189
15.07.14;5,677338355
16.07.14;6,64369382
17.07.14;6,039721654
18.07.14;5,677338355
19.07.14;6,039721654
20.07.14;5,435749489
21.07.14;5,435749489
22.07.14;5,798132788
23.07.14;5,556543922
24.07.14;5,556543922
25.07.14;5,073366189
26.07.14;4,952571756
27.07.14;4,831777323
28.07.14;5,556543922
29.07.14;5,314955056
30.07.14;5,798132788
31.07.14;5,556543922
01.08.14;4,952571756
02.08.14;4,71098289
03.08.14;4,952571756
04.08.14;4,952571756
05.08.14;5,435749489
06.08.14;6,039721654
07.08.14;5,798132788
08.08.14;5,194160623
09.08.14;4,831777323
10.08.14;5,073366189
11.08.14;5,677338355
12.08.14;5,798132788
13.08.14;8,21402145
14.08.14;6,64369382
15.08.14;6,764488253
16.08.14;6,764488253
17.08.14;5,677338355
18.08.14;7,126871552
19.08.14;6,522899386
20.08.14;6,522899386
21.08.14;5,677338355
22.08.14;5,798132788
23.08.14;5,314955056
24.08.14;4,952571756
25.08.14;4,952571756
26.08.14;5,314955056
27.08.14;5,073366189
28.08.14;5,073366189
29.08.14;5,194160623
30.08.14;4,831777323
31.08.14;5,556543922
01.09.14;6,160516087
02.09.14;5,677338355
03.09.14;6,039721654
04.09.14;5,798132788
05.09.14;5,798132788
06.09.14;5,194160623
07.09.14;5,073366189
08.09.14;5,435749489
09.09.14;6,28131052
10.09.14;7,368460418
11.09.14;7,85163815
12.09.14;6,160516087
13.09.14;4,952571756
14.09.14;5,194160623
15.09.14;5,677338355
16.09.14;5,314955056
17.09.14;5,435749489
18.09.14;6,039721654
19.09.14;6,522899386
20.09.14;5,314955056
21.09.14;5,677338355
22.09.14;5,556543922
23.09.14;6,402104953
24.09.14;7,006077119
25.09.14;5,798132788
26.09.14;5,556543922
27.09.14;4,952571756
28.09.14;5,435749489
29.09.14;6,039721654
30.09.14;5,798132788
01.10.14;5,556543922
02.10.14;5,677338355
03.10.14;5,677338355
04.10.14;6,039721654
05.10.14;7,247665985
06.10.14;7,85163815
07.10.14;6,885282686
08.10.14;6,522899386
09.10.14;6,402104953
10.10.14;6,160516087
11.10.14;5,435749489
12.10.14;5,073366189
13.10.14;5,677338355
14.10.14;6,160516087
15.10.14;6,039721654
16.10.14;5,556543922
17.10.14;5,194160623
18.10.14;4,952571756
19.10.14;5,194160623
20.10.14;4,952571756
21.10.14;5,073366189
22.10.14;5,194160623
23.10.14;5,314955056
24.10.14;4,831777323
25.10.14;4,590188457
26.10.14;4,831777323
27.10.14;4,952571756
28.10.14;4,952571756
29.10.14;5,073366189
30.10.14;4,952571756
31.10.14;4,590188457
01.11.14;4,590188457
02.11.14;4,71098289
03.11.14;5,194160623
04.11.14;5,073366189
05.11.14;4,952571756
06.11.14;5,798132788
07.11.14;5,798132788
08.11.14;5,194160623
09.11.14;5,435749489
10.11.14;6,039721654
11.11.14;5,556543922
12.11.14;6,402104953
13.11.14;7,006077119
14.11.14;5,677338355
15.11.14;5,556543922
16.11.14;5,556543922
17.11.14;5,677338355
18.11.14;5,798132788
19.11.14;5,314955056
20.11.14;5,314955056
21.11.14;5,194160623
22.11.14;4,831777323
23.11.14;4,71098289
24.11.14;5,314955056
25.11.14;4,952571756
26.11.14;4,831777323
27.11.14;4,71098289
28.11.14;4,590188457
29.11.14;4,227805158
30.11.14;4,469394024
01.12.14;4,952571756
02.12.14;5,556543922
03.12.14;5,435749489
04.12.14;4,952571756
05.12.14;4,952571756
06.12.14;4,71098289
07.12.14;5,314955056
08.12.14;5,556543922
09.12.14;5,073366189
10.12.14;5,194160623
11.12.14;7,006077119
12.12.14;6,522899386
13.12.14;5,435749489
14.12.14;5,314955056
15.12.14;5,314955056
16.12.14;6,039721654
17.12.14;6,039721654
18.12.14;5,918927221
19.12.14;5,314955056
20.12.14;5,073366189
21.12.14;5,314955056
22.12.14;5,194160623
23.12.14;5,435749489
24.12.14;4,952571756
25.12.14;4,952571756
26.12.14;5,798132788
27.12.14;12,07944331
28.12.14;4,831777323
29.12.14;5,073366189
30.12.14;4,952571756
31.12.14;5,194160623
01.01.15;4,590188457
02.01.15;5,435749489
03.01.15;5,677338355
04.01.15;6,522899386
05.01.15;6,522899386
06.01.15;7,290299314
07.01.15;5,85142445
08.01.15;5,371799495
09.01.15;5,659574468
10.01.15;5,371799495
11.01.15;5,084024522
12.01.15;5,275874504
13.01.15;6,618824377
14.01.15;9,592499098
15.01.15;8,345474215
16.01.15;7,002524341
17.01.15;5,659574468
18.01.15;5,467724486
19.01.15;5,275874504
20.01.15;5,563649477
21.01.15;5,85142445
22.01.15;5,659574468
23.01.15;5,563649477
24.01.15;5,467724486
25.01.15;5,563649477
26.01.15;7,290299314
27.01.15;6,522899386
28.01.15;6,235124413
29.01.15;5,755499459
30.01.15;5,179949513
31.01.15;4,796249549
01.02.15;5,084024522
02.02.15;4,89217454
03.02.15;5,467724486
04.02.15;5,275874504
05.02.15;5,659574468
06.02.15;5,467724486
07.02.15;5,947349441
08.02.15;6,043274431
09.02.15;5,947349441
10.02.15;5,85142445
11.02.15;5,563649477
12.02.15;5,179949513
13.02.15;5,179949513
14.02.15;5,275874504
15.02.15;5,179949513
16.02.15;5,084024522
17.02.15;5,275874504
18.02.15;5,371799495
19.02.15;5,755499459
20.02.15;8,153624233
21.02.15;5,659574468
22.02.15;5,467724486
23.02.15;5,179949513
24.02.15;4,988099531
25.02.15;4,988099531
26.02.15;4,89217454
27.02.15;4,796249549
28.02.15;4,604399567
01.03.15;4,89217454
02.03.15;5,084024522
03.03.15;5,467724486
04.03.15;5,179949513
05.03.15;5,179949513
06.03.15;6,235124413
07.03.15;6,426974395
08.03.15;5,755499459
09.03.15;5,755499459
10.03.15;5,947349441
11.03.15;5,659574468
12.03.15;5,563649477
13.03.15;5,467724486
14.03.15;4,988099531
15.03.15;5,275874504
16.03.15;5,084024522
17.03.15;5,275874504
18.03.15;5,467724486
19.03.15;5,467724486
20.03.15;5,179949513
21.03.15;4,89217454
22.03.15;4,604399567
23.03.15;5,084024522
24.03.15;4,89217454
25.03.15;5,467724486
26.03.15;4,89217454
27.03.15;4,604399567
28.03.15;4,316624594
29.03.15;4,412549585
30.03.15;5,275874504
31.03.15;5,371799495
01.04.15;4,796249549
02.04.15;4,988099531
03.04.15;4,89217454
04.04.15;4,700324558
05.04.15;4,508474576
06.04.15;4,796249549
07.04.15;4,700324558
08.04.15;4,988099531
09.04.15;4,796249549
10.04.15;4,700324558
11.04.15;4,412549585
12.04.15;4,412549585
13.04.15;4,89217454
14.04.15;5,179949513
15.04.15;4,604399567
16.04.15;4,700324558
17.04.15;4,508474576
18.04.15;4,124774612
19.04.15;4,316624594
20.04.15;4,508474576
21.04.15;4,604399567
22.04.15;4,89217454
23.04.15;4,700324558
24.04.15;4,508474576
25.04.15;4,028849621
26.04.15;4,412549585
27.04.15;4,412549585
28.04.15;4,316624594
29.04.15;4,412549585
30.04.15;4,89217454
01.05.15;4,316624594
02.05.15;4,028849621
03.05.15;4,028849621
04.05.15;4,220699603
05.05.15;4,412549585
06.05.15;4,220699603
07.05.15;4,316624594
08.05.15;4,220699603
09.05.15;3,836999639
10.05.15;4,124774612
11.05.15;4,412549585
12.05.15;4,604399567
13.05.15;4,412549585
14.05.15;5,275874504
15.05.15;4,700324558
16.05.15;4,604399567
17.05.15;4,508474576
18.05.15;4,796249549
19.05.15;4,89217454
20.05.15;4,89217454
21.05.15;4,700324558
22.05.15;4,604399567
23.05.15;4,316624594
24.05.15;4,700324558
25.05.15;4,316624594
26.05.15;4,604399567
27.05.15;4,412549585
28.05.15;4,316624594
29.05.15;4,700324558
30.05.15;5,659574468
31.05.15;4,988099531
01.06.15;4,604399567
02.06.15;4,604399567
03.06.15;4,316624594
04.06.15;4,604399567
05.06.15;4,412549585
06.06.15;4,124774612
07.06.15;4,028849621
08.06.15;4,124774612
09.06.15;4,316624594
10.06.15;4,412549585
11.06.15;4,316624594
12.06.15;4,028849621
13.06.15;4,028849621
14.06.15;4,220699603
15.06.15;4,220699603
16.06.15;4,988099531
17.06.15;4,89217454
18.06.15;9,112874143
19.06.15;5,371799495
20.06.15;5,275874504
21.06.15;4,604399567
22.06.15;4,508474576
23.06.15;4,604399567
24.06.15;4,316624594
25.06.15;5,084024522
26.06.15;3,93292463
27.06.15;4,604399567
28.06.15;4,508474576
29.06.15;5,275874504
30.06.15;6,714749368
01.07.15;5,755499459
02.07.15;5,371799495
03.07.15;5,275874504
04.07.15;5,467724486
05.07.15;5,947349441
06.07.15;6,235124413
07.07.15;5,85142445
08.07.15;5,755499459
09.07.15;5,755499459
10.07.15;6,043274431
11.07.15;5,755499459
12.07.15;6,426974395
13.07.15;6,139199422
14.07.15;5,467724486
15.07.15;5,275874504
16.07.15;5,563649477
17.07.15;4,988099531
18.07.15;4,89217454
19.07.15;5,084024522
20.07.15;4,89217454
21.07.15;4,796249549
22.07.15;4,988099531
23.07.15;4,604399567
24.07.15;4,796249549
25.07.15;4,89217454
26.07.15;5,084024522
27.07.15;5,275874504
28.07.15;5,275874504
29.07.15;4,988099531
30.07.15;4,700324558
31.07.15;4,508474576
01.08.15;7,578074287
02.08.15;6,139199422
03.08.15;5,563649477
04.08.15;5,275874504
05.08.15;5,084024522
06.08.15;4,700324558
07.08.15;4,700324558
08.08.15;4,89217454
09.08.15;4,604399567
10.08.15;4,796249549
11.08.15;4,700324558
12.08.15;4,796249549
13.08.15;4,988099531
14.08.15;4,412549585
15.08.15;4,316624594
16.08.15;4,89217454
17.08.15;4,604399567
18.08.15;5,659574468
19.08.15;6,90659935
20.08.15;5,947349441
21.08.15;5,563649477
22.08.15;4,988099531
23.08.15;5,467724486
24.08.15;6,331049404
25.08.15;6,331049404
26.08.15;5,371799495
27.08.15;4,796249549
28.08.15;4,796249549
29.08.15;4,796249549
30.08.15;4,89217454
31.08.15;4,700324558
01.09.15;4,89217454
02.09.15;4,89217454
03.09.15;4,796249549
04.09.15;4,412549585
05.09.15;4,316624594
06.09.15;4,508474576
07.09.15;4,316624594
08.09.15;4,604399567
09.09.15;4,700324558
10.09.15;4,604399567
11.09.15;4,604399567
12.09.15;4,220699603
13.09.15;4,412549585
14.09.15;4,508474576
15.09.15;4,700324558
16.09.15;4,700324558
17.09.15;4,796249549
18.09.15;5,275874504
19.09.15;4,604399567
20.09.15;4,220699603
21.09.15;4,700324558
22.09.15;5,084024522
23.09.15;4,796249549
24.09.15;4,412549585
25.09.15;4,508474576
26.09.15;4,316624594
27.09.15;4,316624594
28.09.15;4,508474576
29.09.15;4,796249549
30.09.15;4,604399567
01.10.15;4,412549585
02.10.15;4,412549585
03.10.15;4,412549585
04.10.15;4,604399567
05.10.15;4,988099531
06.10.15;5,371799495
07.10.15;4,988099531
08.10.15;4,988099531
09.10.15;4,796249549
10.10.15;4,796249549
11.10.15;4,412549585
12.10.15;4,604399567
13.10.15;4,988099531
14.10.15;4,796249549
15.10.15;4,988099531
16.10.15;4,988099531
17.10.15;5,179949513
18.10.15;5,179949513
19.10.15;4,604399567
20.10.15;5,563649477
21.10.15;5,371799495
22.10.15;5,755499459
23.10.15;5,563649477
24.10.15;5,179949513
25.10.15;5,755499459
26.10.15;5,563649477
27.10.15;5,947349441
28.10.15;6,139199423
29.10.15;6,714749369
30.10.15;7,290299315
31.10.15;6,139199423
01.11.15;7,098449333
02.11.15;7,673999279
03.11.15;10,93544897
04.11.15;14,58059863
05.11.15;12,47024883
06.11.15;9,208799135
07.11.15;7,673999279
08.11.15;6,906599351
09.11.15;7,865849261
10.11.15;7,482149297
11.11.15;7,482149297
12.11.15;6,714749369
13.11.15;6,331049405
14.11.15;5,371799495
15.11.15;5,563649477
16.11.15;6,331049405
17.11.15;6,139199423
18.11.15;6,331049405
19.11.15;6,522899387
20.11.15;6,331049405
21.11.15;5,947349441
22.11.15;5,947349441
23.11.15;6,139199423
24.11.15;6,139199423
25.11.15;5,947349441
26.11.15;6,331049405
27.11.15;5,947349441
28.11.15;5,755499459
29.11.15;5,755499459
30.11.15;6,522899387
01.12.15;6,139199423
02.12.15;5,947349441
03.12.15;5,755499459
04.12.15;5,755499459
05.12.15;5,947349441
06.12.15;6,139199423
07.12.15;6,522899387
08.12.15;7,673999279
09.12.15;16,49909845
10.12.15;10,93544897
11.12.15;8,633249189
12.12.15;7,865849261
13.12.15;7,098449333
14.12.15;7,290299315
15.12.15;7,865849261
16.12.15;7,673999279
17.12.15;6,906599351
18.12.15;6,714749369
19.12.15;6,522899387
20.12.15;6,139199423
21.12.15;6,522899387
22.12.15;6,331049405
23.12.15;6,714749369
24.12.15;6,714749369
25.12.15;6,139199423
26.12.15;6,906599351
27.12.15;6,522899387
28.12.15;6,714749369
29.12.15;6,522899387
30.12.15;6,522899387
31.12.15;5,947349441
01.01.16;5,371799495
02.01.16;5,947349441
03.01.16;5,947349441
04.01.16;6,331049405
05.01.16;6,139199423
06.01.16;6,331049405
07.01.16;7,098449333
08.01.16;6,906599351
09.01.16;6,522899387
10.01.16;6,139199423
11.01.16;6,139199423
12.01.16;6,331049405
13.01.16;6,522899387
14.01.16;6,139199423
15.01.16;9,016949153
16.01.16;9,400649117
17.01.16;7,482149297
18.01.16;7,673999279
19.01.16;7,098449333
20.01.16;7,673999279
21.01.16;7,290299315
22.01.16;6,522899387
23.01.16;6,139199423
24.01.16;5,947349441
25.01.16;6,139199423
26.01.16;5,947349441
27.01.16;5,947349441
28.01.16;6,331049405
29.01.16;5,755499459
30.01.16;5,563649477
31.01.16;5,563649477
01.02.16;5,755499459
02.02.16;5,947349441
03.02.16;5,947349441
04.02.16;5,755499459
05.02.16;5,371799495
06.02.16;5,563649477
07.02.16;5,755499459
08.02.16;5,563649477
09.02.16;5,947349441
10.02.16;5,947349441
11.02.16;6,139199423
12.02.16;6,139199423
13.02.16;5,947349441
14.02.16;6,139199423
15.02.16;6,331049405
16.02.16;6,522899387
17.02.16;6,522899387
18.02.16;8,057699243
19.02.16;6,714749369
20.02.16;6,714749369
21.02.16;6,714749369
22.02.16;6,714749369
23.02.16;6,139199423
24.02.16;6,139199423
25.02.16;6,331049405
26.02.16;5,947349441
27.02.16;5,755499459
28.02.16;5,755499459
29.02.16;5,755499459
01.03.16;6,331049405
02.03.16;6,139199423
03.03.16;6,522899387
04.03.16;6,331049405
05.03.16;6,331049405
06.03.16;5,947349441
07.03.16;6,331049405
08.03.16;6,139199423
09.03.16;5,947349441
10.03.16;5,563649477
11.03.16;5,755499459
12.03.16;5,371799495
13.03.16;5,563649477
14.03.16;6,139199423
15.03.16;6,139199423
16.03.16;5,947349441
17.03.16;5,755499459
18.03.16;5,947349441
19.03.16;4,988099531
20.03.16;5,371799495
21.03.16;5,755499459
22.03.16;5,947349441
23.03.16;5,755499459
24.03.16;5,755499459
25.03.16;5,563649477
26.03.16;5,371799495
27.03.16;5,371799495
28.03.16;6,139199423
29.03.16;5,947349441
30.03.16;5,947349441
31.03.16;5,755499459
01.04.16;5,563649477
02.04.16;5,371799495
03.04.16;5,563649477
04.04.16;5,563649477
05.04.16;5,563649477
06.04.16;5,563649477
07.04.16;5,755499459
08.04.16;5,563649477
09.04.16;5,371799495
10.04.16;5,563649477
11.04.16;6,139199423
12.04.16;5,947349441
13.04.16;5,755499459
14.04.16;5,563649477
15.04.16;5,563649477
16.04.16;4,988099531
17.04.16;5,371799495
18.04.16;5,563649477
19.04.16;5,563649477
20.04.16;5,755499459
21.04.16;6,331049405
22.04.16;6,331049405
23.04.16;5,947349441
24.04.16;6,331049405
25.04.16;6,522899387
26.04.16;6,906599351
27.04.16;6,331049405
28.04.16;7,098449333
29.04.16;6,331049405
30.04.16;5,947349441
01.05.16;5,755499459
02.05.16;19,1849982
03.05.16;11,7028489
04.05.16;8,057699243
05.05.16;8,633249189
06.05.16;8,057699243
07.05.16;6,714749369
08.05.16;6,714749369
09.05.16;7,482149297
10.05.16;7,290299315
11.05.16;6,714749369
12.05.16;6,714749369
13.05.16;6,331049405
14.05.16;6,139199423
15.05.16;5,755499459
16.05.16;6,331049405
17.05.16;6,331049405
18.05.16;5,947349441
19.05.16;6,331049405
20.05.16;5,947349441
21.05.16;5,371799495
22.05.16;5,563649477
23.05.16;5,947349441
24.05.16;5,755499459
25.05.16;5,947349441
26.05.16;6,139199423
27.05.16;6,522899387
28.05.16;7,673999279
29.05.16;8,441399207
30.05.16;9,016949153
31.05.16;8,825099171
01.06.16;7,865849261
02.06.16;7,290299315
03.06.16;8,057699243
04.06.16;8,057699243
05.06.16;7,673999279
06.06.16;8,249549225
07.06.16;8,057699243
08.06.16;7,482149297
09.06.16;7,482149297
10.06.16;7,290299315
11.06.16;7,098449333
12.06.16;10,93544897
13.06.16;12,85394879
14.06.16;11,12729895
15.06.16;9,208799135
16.06.16;11,89469888
17.06.16;11,7028489
18.06.16;10,35989903
19.06.16;9,78434908
20.06.16;10,16804904
21.06.16;11,12729895
22.06.16;9,78434908
23.06.16;10,35989903
24.06.16;14,77244861
25.06.16;10,35989903
26.06.16;9,016949153
27.06.16;9,254237289
28.06.16;9,016949153
29.06.16;8,779661018
30.06.16;8,779661018
01.07.16;8,067796611
02.07.16;8,067796611
03.07.16;8,305084746
04.07.16;7,830508475
05.07.16;8,067796611
06.07.16;7,830508475
07.07.16;8,542372882
08.07.16;8,305084746
09.07.16;10,44067797
10.07.16;8,779661018
11.07.16;8,067796611
12.07.16;7,355932204
13.07.16;7,118644068
14.07.16;6,881355933
15.07.16;6,644067797
16.07.16;6,169491526
17.07.16;6,644067797
18.07.16;6,644067797
19.07.16;6,644067797
20.07.16;6,406779661
21.07.16;6,406779661
22.07.16;6,169491526
23.07.16;5,694915255
24.07.16;5,93220339
25.07.16;6,406779661
26.07.16;6,644067797
27.07.16;7,118644068
28.07.16;6,644067797
29.07.16;6,644067797
30.07.16;5,93220339
31.07.16;6,169491526
01.08.16;6,881355933
02.08.16;8,542372882
03.08.16;14,47457627
04.08.16;9,491525424
05.08.16;7,593220339
06.08.16;6,881355933
07.08.16;6,881355933
08.08.16;7,118644068
09.08.16;6,881355933
10.08.16;6,406779661
11.08.16;6,169491526
12.08.16;6,169491526
13.08.16;5,93220339
14.08.16;5,694915255
15.08.16;6,169491526
16.08.16;6,406779661
17.08.16;6,169491526
18.08.16;6,406779661
19.08.16;5,93220339
20.08.16;5,694915255
21.08.16;5,694915255
22.08.16;5,93220339
23.08.16;6,406779661
24.08.16;6,406779661
25.08.16;6,406779661
26.08.16;6,169491526
27.08.16;5,93220339
28.08.16;6,406779661
29.08.16;6,169491526
30.08.16;5,93220339
31.08.16;6,169491526
01.09.16;5,93220339
02.09.16;5,93220339
03.09.16;6,169491526
04.09.16;6,406779661
05.09.16;6,406779661
06.09.16;6,406779661
07.09.16;6,406779661
08.09.16;7,118644068
09.09.16;6,644067797
10.09.16;7,118644068
11.09.16;6,406779661
12.09.16;6,644067797
13.09.16;6,644067797
14.09.16;6,406779661
15.09.16;6,406779661
16.09.16;6,644067797
17.09.16;5,93220339
18.09.16;6,406779661
19.09.16;5,93220339
20.09.16;6,644067797
21.09.16;6,644067797
22.09.16;6,406779661
23.09.16;6,406779661
24.09.16;6,169491526
25.09.16;6,406779661
26.09.16;6,406779661
27.09.16;6,169491526
28.09.16;6,169491526
29.09.16;6,169491526
30.09.16;6,169491526
01.10.16;6,169491526
02.10.16;5,694915255
03.10.16;6,406779661
04.10.16;6,169491526
05.10.16;6,406779661
06.10.16;6,406779661
07.10.16;6,406779661
08.10.16;6,169491526
09.10.16;6,169491526
10.10.16;6,406779661
11.10.16;7,355932204
12.10.16;7,355932204
13.10.16;6,881355933
14.10.16;6,644067797
15.10.16;6,406779661
16.10.16;6,169491526
17.10.16;6,881355933
18.10.16;6,644067797
19.10.16;6,644067797
20.10.16;6,169491526
21.10.16;5,93220339
22.10.16;6,169491526
23.10.16;6,644067797
24.10.16;6,644067797
25.10.16;6,881355933
26.10.16;7,355932204
27.10.16;7,830508475
28.10.16;8,542372882
29.10.16;9,254237289
30.10.16;7,830508475
31.10.16;8,067796611
01.11.16;8,779661018
02.11.16;8,067796611
03.11.16;8,779661018
04.11.16;8,067796611
05.11.16;8,305084746
06.11.16;7,830508475
07.11.16;7,830508475
08.11.16;7,593220339
09.11.16;10,91525424
10.11.16;8,067796611
11.11.16;7,830508475
12.11.16;7,593220339
13.11.16;7,593220339
14.11.16;7,830508475
15.11.16;7,830508475
16.11.16;8,067796611
17.11.16;9,016949153
18.11.16;8,542372882
19.11.16;8,067796611
20.11.16;8,067796611
21.11.16;8,067796611
22.11.16;8,542372882
23.11.16;8,305084746
24.11.16;8,305084746
25.11.16;7,830508475
26.11.16;7,355932204
27.11.16;7,593220339
28.11.16;8,305084746
29.11.16;8,542372882
30.11.16;8,067796611
01.12.16;8,542372882
02.12.16;9,016949153
03.12.16;7,830508475
04.12.16;7,830508475
05.12.16;8,542372882
06.12.16;8,305084746
07.12.16;8,067796611
08.12.16;8,305084746
09.12.16;7,830508475
10.12.16;7,593220339
11.12.16;7,593220339
12.12.16;8,305084746
13.12.16;8,542372882
14.12.16;8,067796611
15.12.16;8,067796611
16.12.16;7,830508475
17.12.16;7,830508475
18.12.16;7,593220339
19.12.16;8,542372882
20.12.16;8,542372882
21.12.16;10,20338983
22.12.16;12,33898305
23.12.16;14
24.12.16;11,62711864
25.12.16;10,91525424
26.12.16;10,6779661
27.12.16;11,86440678
28.12.16;13,52542373
29.12.16;13,28813559
30.12.16;12,10169492
31.12.16;10,44067797
01.01.17;11,15254237
02.01.17;18,50847458
03.01.17;16,37288136
04.01.17;19,45762712
05.01.17;23,72881356
06.01.17;19,93220339
07.01.17;16,61016949
08.01.17;14,94915254
09.01.17;14,47457627
10.01.17;13,05084746
11.01.17;15,42372881
12.01.17;15,89830509
13.01.17;13,05084746
14.01.17;12,10169492
15.01.17;11,38983051
16.01.17;11,15254237
17.01.17;11,86440678
18.01.17;11,38983051
19.01.17;10,91525424
20.01.17;10,6779661
21.01.17;9,966101696
22.01.17;9,966101696
23.01.17;10,6779661
24.01.17;11,15254237
25.01.17;10,6779661
26.01.17;9,966101696
27.01.17;9,966101696
28.01.17;9,72881356
29.01.17;9,491525424
30.01.17;9,72881356
31.01.17;10,6779661
01.02.17;10,91525424
02.02.17;11,62711864
03.02.17;12,10169492
04.02.17;10,91525424
05.02.17;10,91525424
06.02.17;10,6779661
07.02.17;11,62711864
08.02.17;11,86440678
09.02.17;13,28813559
10.02.17;11,62711864
11.02.17;10,91525424
12.02.17;10,20338983
13.02.17;10,44067797
14.02.17;10,20338983
15.02.17;10,44067797
16.02.17;10,6779661
17.02.17;11,15254237
18.02.17;11,15254237
19.02.17;10,20338983
20.02.17;10,6779661
21.02.17;12,57627119
22.02.17;12,81355932
23.02.17;13,52542373
24.02.17;16,13559322
25.02.17;13,52542373
26.02.17;12,10169492
27.02.17;12,81355932
28.02.17;12,81355932
01.03.17;13,28813559
02.03.17;16,13559322
03.03.17;21,59322034
04.03.17;17,08474576
05.03.17;14,23728814
06.03.17;15,42372881
07.03.17;15,66101695
08.03.17;17,3220339
09.03.17;16,13559322
10.03.17;22,06779661
11.03.17;18,03389831
12.03.17;13,76271187
13.03.17;14,47457627
14.03.17;13,76271187
15.03.17;13,05084746
16.03.17;13,76271187
17.03.17;14,71186441
18.03.17;16,61016949
19.03.17;14,94915254
20.03.17;14,23728814
21.03.17;14
22.03.17;14
23.03.17;13
24.03.17;14
25.03.17;14
26.03.17;12
27.03.17;13
28.03.17;13
29.03.17;12
30.03.17;12
31.03.17;12
01.04.17;11
02.04.17;12
03.04.17;12
04.04.17;12
05.04.17;12
06.04.17;12
07.04.17;12
08.04.17;11
09.04.17;12
10.04.17;12
11.04.17;13
12.04.17;12
13.04.17;12
14.04.17;11
15.04.17;11
16.04.17;11
17.04.17;12
18.04.17;12
19.04.17;12
20.04.17;12
21.04.17;12
22.04.17;11
23.04.17;11
24.04.17;11
25.04.17;12
26.04.17;13
27.04.17;14
28.04.17;14
29.04.17;13
30.04.17;12
01.05.17;15
02.05.17;17
03.05.17;17
04.05.17;22
05.05.17;21
06.05.17;17
07.05.17;17
08.05.17;19
09.05.17;25
10.05.17;23
11.05.17;26
12.05.17;30
13.05.17;30
14.05.17;25
15.05.17;35
16.05.17;32
17.05.17;27
18.05.17;24
19.05.17;27
20.05.17;27
21.05.17;27
22.05.17;44
23.05.17;47
24.05.17;51
25.05.17;68
26.05.17;52
27.05.17;45
28.05.17;34
29.05.17;33
30.05.17;33
31.05.17;32
01.06.17;31
02.06.17;27
03.06.17;26
04.06.17;25
05.06.17;28
06.06.17;39
07.06.17;35
08.06.17;30
09.06.17;29
10.06.17;29
11.06.17;29
12.06.17;38
13.06.17;33
14.06.17;32
15.06.17;38
16.06.17;32
17.06.17;27
18.06.17;25
19.06.17;26
20.06.17;28
21.06.17;28
22.06.17;28
23.06.17;27
24.06.17;26
25.06.17;25
26.06.17;30
27.06.17;33
28.06.17;33
29.06.17;27
30.06.17;23
01.07.17;22
02.07.17;23
03.07.17;23
04.07.17;23
05.07.17;24
06.07.17;24
07.07.17;23
08.07.17;22
09.07.17;21
10.07.17;25
11.07.17;29
12.07.17;27
13.07.17;25
14.07.17;24
15.07.17;28
16.07.17;32
17.07.17;30
18.07.17;30
19.07.17;27
20.07.17;31
21.07.17;30
22.07.17;27
23.07.17;26
24.07.17;27
25.07.17;28
26.07.17;28
27.07.17;27
28.07.17;30
29.07.17;25
30.07.17;24
31.07.17;31
01.08.17;54
02.08.17;48
03.08.17;33
04.08.17;31
05.08.17;39
06.08.17;33
07.08.17;38
08.08.17;40
09.08.17;35
10.08.17;33
11.08.17;36
12.08.17;40
13.08.17;51
14.08.17;57
15.08.17;57
16.08.17;48
17.08.17;47
18.08.17;47
19.08.17;44
20.08.17;41
21.08.17;41
22.08.17;45
23.08.17;42
24.08.17;39
25.08.17;41
26.08.17;36
27.08.17;33
28.08.17;35
29.08.17;42
30.08.17;44
31.08.17;47
01.09.17;50
02.09.17;48
03.09.17;42
04.09.17;52
05.09.17;53
06.09.17;45
07.09.17;41
08.09.17;44
09.09.17;37
10.09.17;36
11.09.17;41
12.09.17;41
13.09.17;56
14.09.17;68
15.09.17;76
16.09.17;50
17.09.17;40
18.09.17;47
19.09.17;43
20.09.17;38
21.09.17;39
22.09.17;37
23.09.17;30
24.09.17;29
25.09.17;33
26.09.17;32
27.09.17;35
28.09.17;33
29.09.17;33
30.09.17;30
01.10.17;29
02.10.17;34
03.10.17;33
04.10.17;32
05.10.17;31
06.10.17;30
07.10.17;28
08.10.17;31
09.10.17;37
10.10.17;38
11.10.17;37
12.10.17;62
13.10.17;76
14.10.17;52
15.10.17;49
16.10.17;50
17.10.17;46
18.10.17;47
19.10.17;46
20.10.17;53
21.10.17;59
22.10.17;49
23.10.17;57
24.10.17;61
25.10.17;55
26.10.17;53
27.10.17;46
28.10.17;40
29.10.17;42
30.10.17;51
31.10.17;60
01.11.17;73
02.11.17;99
03.11.17;87
04.11.17;68
05.11.17;68
06.11.17;72
07.11.17;67
08.11.17;74
09.11.17;69
10.11.17;82
11.11.17;80
12.11.17;100
13.11.17;90
14.11.17;69
15.11.17;69
16.11.17;73
17.11.17;83
18.11.17;64